{
    "random-seed": "51613",
    "output_folder": "./out/abcgraph-adv/tencent",
    "epoch": 5,
    "lossD": 0.7870498299598694,
    "_timestamp": 1566789461.471988,
    "_runtime": 678.7535581588745,
    "_step": 8519,
    "lossG": 1.0197404623031616
}
