{
    "random-seed": "51613",
    "output_folder": "./out/abcgraph-adv/tencent",
    "epoch": 8,
    "lossD": 1.3350341320037842,
    "_timestamp": 1566789523.4036539,
    "_runtime": 740.6852242946625,
    "_step": 15953,
    "lossG": 0.8165417313575745,
    "embedding_output_folder": "./out/abcgraph-adv/tencent"
}
